-- MySQL Script generated by MySQL Workbench
-- Mon May 10 18:40:16 2021
-- Model: New Model    Version: 1.0
-- MySQL Workbench Forward Engineering

SET @OLD_UNIQUE_CHECKS=@@UNIQUE_CHECKS, UNIQUE_CHECKS=0;
SET @OLD_FOREIGN_KEY_CHECKS=@@FOREIGN_KEY_CHECKS, FOREIGN_KEY_CHECKS=0;
SET @OLD_SQL_MODE=@@SQL_MODE, SQL_MODE='ONLY_FULL_GROUP_BY,STRICT_TRANS_TABLES,NO_ZERO_IN_DATE,NO_ZERO_DATE,ERROR_FOR_DIVISION_BY_ZERO,NO_ENGINE_SUBSTITUTION';

-- -----------------------------------------------------
-- Schema project
-- -----------------------------------------------------
DROP SCHEMA IF EXISTS `project` ;

-- -----------------------------------------------------
-- Schema project
-- -----------------------------------------------------
CREATE SCHEMA IF NOT EXISTS `project` DEFAULT CHARACTER SET utf8 ;
USE `project` ;

-- -----------------------------------------------------
-- Table `project`.`Brand`
-- -----------------------------------------------------
DROP TABLE IF EXISTS `project`.`Brand` ;

CREATE TABLE IF NOT EXISTS `project`.`Brand` (
  `idBrand` INT NOT NULL AUTO_INCREMENT,
  `brandName` VARCHAR(45) NOT NULL,
  PRIMARY KEY (`idBrand`),
  UNIQUE INDEX `idBrand_UNIQUE` (`idBrand` ASC) VISIBLE,
  UNIQUE INDEX `Brandcol_UNIQUE` (`brandName` ASC) VISIBLE)
ENGINE = InnoDB;


-- -----------------------------------------------------
-- Table `project`.`Color`
-- -----------------------------------------------------
DROP TABLE IF EXISTS `project`.`Color` ;

CREATE TABLE IF NOT EXISTS `project`.`Color` (
  `idColor` INT NOT NULL AUTO_INCREMENT,
  `colorName` VARCHAR(45) NOT NULL,
  `colorCode` VARCHAR(10) NOT NULL,
  PRIMARY KEY (`idColor`),
  UNIQUE INDEX `idColor_UNIQUE` (`idColor` ASC) VISIBLE,
  UNIQUE INDEX `nameColor_UNIQUE` (`colorName` ASC) VISIBLE,
  UNIQUE INDEX `colorCode_UNIQUE` (`colorCode` ASC) VISIBLE)
ENGINE = InnoDB;


-- -----------------------------------------------------
-- Table `project`.`Product`
-- -----------------------------------------------------
DROP TABLE IF EXISTS `project`.`Product` ;

CREATE TABLE IF NOT EXISTS `project`.`Product` (
  `idPro` INT NOT NULL AUTO_INCREMENT,
  `proName` VARCHAR(100) NOT NULL,
  `proDescript` LONGTEXT NOT NULL,
  `proPrice` DECIMAL(10,2) NOT NULL,
  `proMFD` DATE NOT NULL,
  `proPathImg` MEDIUMTEXT NOT NULL,
  `Brand_idBrand` INT NOT NULL,
  PRIMARY KEY (`idPro`, `Brand_idBrand`),
  UNIQUE INDEX `idProduct_UNIQUE` (`idPro` ASC) VISIBLE,
  UNIQUE INDEX `proName_UNIQUE` (`proName` ASC) VISIBLE,
  INDEX `fk_Product_Brand_idx` (`Brand_idBrand` ASC) VISIBLE,
  CONSTRAINT `fk_Product_Brand`
    FOREIGN KEY (`Brand_idBrand`)
    REFERENCES `project`.`Brand` (`idBrand`)
    ON DELETE NO ACTION
    ON UPDATE NO ACTION)
ENGINE = InnoDB;


-- -----------------------------------------------------
-- Table `project`.`Item`
-- -----------------------------------------------------
DROP TABLE IF EXISTS `project`.`Item` ;

CREATE TABLE IF NOT EXISTS `project`.`Item` (
  `idItem` INT NOT NULL AUTO_INCREMENT,
  `idColor` INT NOT NULL,
  `idPro` INT NOT NULL,
  PRIMARY KEY (`idItem`, `idColor`, `idPro`),
  INDEX `fk_Color_has_Product_Product_idx` (`idPro` ASC) VISIBLE,
  INDEX `fk_Color_has_Product_Color_idx` (`idColor` ASC) VISIBLE,
  CONSTRAINT `fk_Color_has_Product_Color`
    FOREIGN KEY (`idColor`)
    REFERENCES `project`.`Color` (`idColor`)
    ON DELETE NO ACTION
    ON UPDATE NO ACTION,
  CONSTRAINT `fk_Color_has_Product_Product`
    FOREIGN KEY (`idPro`)
    REFERENCES `project`.`Product` (`idPro`)
    ON DELETE NO ACTION
    ON UPDATE NO ACTION)
ENGINE = InnoDB;


SET SQL_MODE=@OLD_SQL_MODE;
SET FOREIGN_KEY_CHECKS=@OLD_FOREIGN_KEY_CHECKS;
SET UNIQUE_CHECKS=@OLD_UNIQUE_CHECKS;

-- -----------------------------------------------------
-- Data for table `project`.`Brand`
-- -----------------------------------------------------
START TRANSACTION;
USE `project`;
INSERT INTO `project`.`Brand` (`idBrand`, `brandName`) VALUES (1, 'LOUIS VUITTON');
INSERT INTO `project`.`Brand` (`idBrand`, `brandName`) VALUES (2, 'SHEIN');
INSERT INTO `project`.`Brand` (`idBrand`, `brandName`) VALUES (3, 'H&M');
INSERT INTO `project`.`Brand` (`idBrand`, `brandName`) VALUES (4, 'UNIQLO');

COMMIT;


-- -----------------------------------------------------
-- Data for table `project`.`Color`
-- -----------------------------------------------------
START TRANSACTION;
USE `project`;
INSERT INTO `project`.`Color` (`idColor`, `colorName`, `colorCode`) VALUES (1, 'Black', '#000000');
INSERT INTO `project`.`Color` (`idColor`, `colorName`, `colorCode`) VALUES (2, 'White', '#FFFFFF');
INSERT INTO `project`.`Color` (`idColor`, `colorName`, `colorCode`) VALUES (3, 'Navy Blue', '#141a2a');
INSERT INTO `project`.`Color` (`idColor`, `colorName`, `colorCode`) VALUES (4, 'Burgundy', '#2f0b0d');
INSERT INTO `project`.`Color` (`idColor`, `colorName`, `colorCode`) VALUES (5, 'Rose', '#FF75B8');
INSERT INTO `project`.`Color` (`idColor`, `colorName`, `colorCode`) VALUES (6, 'Orange Vif', '#E9581F');
INSERT INTO `project`.`Color` (`idColor`, `colorName`, `colorCode`) VALUES (7, 'Grey', '#504E4A');
INSERT INTO `project`.`Color` (`idColor`, `colorName`, `colorCode`) VALUES (8, 'Green', '#85B09A');
INSERT INTO `project`.`Color` (`idColor`, `colorName`, `colorCode`) VALUES (9, 'Lilac Purple', '#CECFE8');
INSERT INTO `project`.`Color` (`idColor`, `colorName`, `colorCode`) VALUES (10, 'Dusty Blue', '#88ACC1');
INSERT INTO `project`.`Color` (`idColor`, `colorName`, `colorCode`) VALUES (11, 'Beige', '#D6CFBD');
INSERT INTO `project`.`Color` (`idColor`, `colorName`, `colorCode`) VALUES (12, 'Light Blue', '#AEC2D9');
INSERT INTO `project`.`Color` (`idColor`, `colorName`, `colorCode`) VALUES (13, 'Ecru', '#FFF1C2');
INSERT INTO `project`.`Color` (`idColor`, `colorName`, `colorCode`) VALUES (14, 'Light Grey', '#E1E1E9');
INSERT INTO `project`.`Color` (`idColor`, `colorName`, `colorCode`) VALUES (15, 'Charcoal Grey', '#302E31');
INSERT INTO `project`.`Color` (`idColor`, `colorName`, `colorCode`) VALUES (16, 'Light Pink', '#DFC3C2');
INSERT INTO `project`.`Color` (`idColor`, `colorName`, `colorCode`) VALUES (17, 'Mustard', '#E7AF42');
INSERT INTO `project`.`Color` (`idColor`, `colorName`, `colorCode`) VALUES (18, 'Blue', '#2B4C9B');
INSERT INTO `project`.`Color` (`idColor`, `colorName`, `colorCode`) VALUES (19, 'Light Yellow', '#FDDA98');

COMMIT;


-- -----------------------------------------------------
-- Data for table `project`.`Product`
-- -----------------------------------------------------
START TRANSACTION;
USE `project`;
INSERT INTO `project`.`Product` (`idPro`, `proName`, `proDescript`, `proPrice`, `proMFD`, `proPathImg`, `Brand_idBrand`) VALUES (1, 'MONOGRAM OMBRE SILK PAJAMA TOP', 'The House’s iconic Monogram motif is playfully scaled-up and printed in a summery ombre effect to give this short-sleeved pajama top a fresh lounge feel. Cut from comfortable, lightweight silk that further relaxes the boxy silhouette. White piping and a front patch pocket refine the easy-to-wear style.', 73999.00, '2021-02-23', '1234', 1);
INSERT INTO `project`.`Product` (`idPro`, `proName`, `proDescript`, `proPrice`, `proMFD`, `proPathImg`, `Brand_idBrand`) VALUES (2, 'GALAXY PRINT MIXED-MATERIAL T-SHIRT', 'The playful graphic on this mixed-material T-shirt is inspired by comic books: vibrant LV Initials and Monogram Flowers collide with stars and planets on printed silk twill. The contrasting back is cut slightly longer, in cotton jersey. The silhouette is relaxed and roomy. The top square button on the shoulder is engraved with a House signature.', 3039900.00, '2020-03-30', '1234', 1);
INSERT INTO `project`.`Product` (`idPro`, `proName`, `proDescript`, `proPrice`, `proMFD`, `proPathImg`, `Brand_idBrand`) VALUES (3, 'MIXED KNIT LIGHTWEIGHT SUMMER PULLOVER', 'Different textures and tones of natural fibers combine to create this summer pullover. The shoulders and left sleeve stand out in contrast cotton poplin, while a mix of knitted cotton panels complete the silhouette. The collection’s essential leather Monogram patch signs the chest.', 80880.00, '2019-06-15', '1234', 1);
INSERT INTO `project`.`Product` (`idPro`, `proName`, `proDescript`, `proPrice`, `proMFD`, `proPathImg`, `Brand_idBrand`) VALUES (4, 'SHEIN Slogan Graphic Hoodie', 'Wide top in sweatshirt fabric with a lined, drawstring hood, long raglan sleeves and ribbing at the cuffs and hem. Soft brushed inside.', 380.00, '2020-12-23', '1234', 2);
INSERT INTO `project`.`Product` (`idPro`, `proName`, `proDescript`, `proPrice`, `proMFD`, `proPathImg`, `Brand_idBrand`) VALUES (5, 'SHEIN Twist Hem Rib-knit Tee', 'Short twist in a soft, fine knit with a lightly brushed finish. Round neckline and long sleeves.', 160.00, '2019-11-06', '1234', 2);
INSERT INTO `project`.`Product` (`idPro`, `proName`, `proDescript`, `proPrice`, `proMFD`, `proPathImg`, `Brand_idBrand`) VALUES (6, 'SHEIN Ribbed Mock Neck Lettuce-Edge Top', 'Short Lettuce Trim in soft cotton jersey with overlocked edges.', 180.00, '2021-08-09', '1234', 2);
INSERT INTO `project`.`Product` (`idPro`, `proName`, `proDescript`, `proPrice`, `proMFD`, `proPathImg`, `Brand_idBrand`) VALUES (7, 'Cut-out-detail Top', 'Short-sleeved top in soft cotton jersey with a small stand-up collar and cut-out shape at the top. Overlocked edges around the collar, cuffs and hem.', 399.00, '2019-01-09', '1234', 3);
INSERT INTO `project`.`Product` (`idPro`, `proName`, `proDescript`, `proPrice`, `proMFD`, `proPathImg`, `Brand_idBrand`) VALUES (8, 'Motif-detail Hoodie', 'Hoodie in soft sweatshirt fabric with a motif. Lined, drawstring hood, low dropped shoulders, long sleeves and ribbing at the cuffs and hem. Soft brushed inside. The polyester content of the hoodie is recycled.', 499.00, '2020-04-06', '1234', 3);
INSERT INTO `project`.`Product` (`idPro`, `proName`, `proDescript`, `proPrice`, `proMFD`, `proPathImg`, `Brand_idBrand`) VALUES (9, 'Jersey Dress', 'Short jersey dress with a small gathered collar and an opening and button at the back of the neck. Seam at the waist and long, cuffed sleeves. Unlined.', 799.00, '2021-07-28', '1234', 3);
INSERT INTO `project`.`Product` (`idPro`, `proName`, `proDescript`, `proPrice`, `proMFD`, `proPathImg`, `Brand_idBrand`) VALUES (10, 'WOMEN premium lambswool crew neck Long Sleevesweater', 'Fabric Details 100% and wool. Washing instruction that use Hand wash cold.', 990.00, '2021-05-21', '1234', 4);
INSERT INTO `project`.`Product` (`idPro`, `proName`, `proDescript`, `proPrice`, `proMFD`, `proPathImg`, `Brand_idBrand`) VALUES (11, 'WOMEN Rayon Long Sleeve Blouse', 'Soft, silky rayon fabric and Wrinkle-resistant even after washing for easy care.', 790.00, '2021-02-18', '1234', 4);
INSERT INTO `project`.`Product` (`idPro`, `proName`, `proDescript`, `proPrice`, `proMFD`, `proPathImg`, `Brand_idBrand`) VALUES (12, 'WOMEN color crew neck Short Sleeve T-Shirt', 'Made from soft and supple cotton viscose. A crew neck with a perfect opening at the neck.', 190.00, '2019-10-03', '1234', 4);

COMMIT;


-- -----------------------------------------------------
-- Data for table `project`.`Item`
-- -----------------------------------------------------
START TRANSACTION;
USE `project`;
INSERT INTO `project`.`Item` (`idItem`, `idColor`, `idPro`) VALUES (1, 5, 1);
INSERT INTO `project`.`Item` (`idItem`, `idColor`, `idPro`) VALUES (2, 6, 1);
INSERT INTO `project`.`Item` (`idItem`, `idColor`, `idPro`) VALUES (3, 1, 2);
INSERT INTO `project`.`Item` (`idItem`, `idColor`, `idPro`) VALUES (4, 2, 2);
INSERT INTO `project`.`Item` (`idItem`, `idColor`, `idPro`) VALUES (5, 1, 3);
INSERT INTO `project`.`Item` (`idItem`, `idColor`, `idPro`) VALUES (6, 13, 3);
INSERT INTO `project`.`Item` (`idItem`, `idColor`, `idPro`) VALUES (7, 3, 4);
INSERT INTO `project`.`Item` (`idItem`, `idColor`, `idPro`) VALUES (8, 4, 4);
INSERT INTO `project`.`Item` (`idItem`, `idColor`, `idPro`) VALUES (9, 2, 5);
INSERT INTO `project`.`Item` (`idItem`, `idColor`, `idPro`) VALUES (10, 4, 5);
INSERT INTO `project`.`Item` (`idItem`, `idColor`, `idPro`) VALUES (11, 2, 6);
INSERT INTO `project`.`Item` (`idItem`, `idColor`, `idPro`) VALUES (12, 7, 6);
INSERT INTO `project`.`Item` (`idItem`, `idColor`, `idPro`) VALUES (13, 8, 6);
INSERT INTO `project`.`Item` (`idItem`, `idColor`, `idPro`) VALUES (14, 9, 6);
INSERT INTO `project`.`Item` (`idItem`, `idColor`, `idPro`) VALUES (15, 10, 6);
INSERT INTO `project`.`Item` (`idItem`, `idColor`, `idPro`) VALUES (16, 11, 7);
INSERT INTO `project`.`Item` (`idItem`, `idColor`, `idPro`) VALUES (17, 12, 7);
INSERT INTO `project`.`Item` (`idItem`, `idColor`, `idPro`) VALUES (18, 14, 8);
INSERT INTO `project`.`Item` (`idItem`, `idColor`, `idPro`) VALUES (19, 15, 8);
INSERT INTO `project`.`Item` (`idItem`, `idColor`, `idPro`) VALUES (20, 16, 8);
INSERT INTO `project`.`Item` (`idItem`, `idColor`, `idPro`) VALUES (21, 4, 9);
INSERT INTO `project`.`Item` (`idItem`, `idColor`, `idPro`) VALUES (22, 1, 9);
INSERT INTO `project`.`Item` (`idItem`, `idColor`, `idPro`) VALUES (23, 17, 10);
INSERT INTO `project`.`Item` (`idItem`, `idColor`, `idPro`) VALUES (24, 18, 10);
INSERT INTO `project`.`Item` (`idItem`, `idColor`, `idPro`) VALUES (25, 2, 10);
INSERT INTO `project`.`Item` (`idItem`, `idColor`, `idPro`) VALUES (26, 1, 10);
INSERT INTO `project`.`Item` (`idItem`, `idColor`, `idPro`) VALUES (27, 3, 11);
INSERT INTO `project`.`Item` (`idItem`, `idColor`, `idPro`) VALUES (28, 2, 11);
INSERT INTO `project`.`Item` (`idItem`, `idColor`, `idPro`) VALUES (29, 1, 11);
INSERT INTO `project`.`Item` (`idItem`, `idColor`, `idPro`) VALUES (30, 19, 12);
INSERT INTO `project`.`Item` (`idItem`, `idColor`, `idPro`) VALUES (31, 2, 12);
INSERT INTO `project`.`Item` (`idItem`, `idColor`, `idPro`) VALUES (32, 3, 12);

COMMIT;

